{"cameraMode":{"drawMode":0,"name":"Shaded","section":"Shading Mode"},"sceneLighting":false,"audioPlay":false,"sceneViewState":{"showFog":true,"showMaterialUpdate":true,"showSkybox":false,"showFlares":true,"showImageEffects":true,"showParticleSystems":true},"in2DMode":false,"pivot":{"x":142.64999389648438,"y":210.5,"z":-0.41999995708465578},"rotation":{"x":0.2918558418750763,"y":0.03785989433526993,"z":-0.01154069323092699,"w":0.9556534290313721},"size":261.6673583984375,"orthographic":false}