{"cameraMode":{"drawMode":0,"name":"Shaded","section":"Shading Mode"},"sceneLighting":false,"audioPlay":false,"sceneViewState":{"showFog":true,"showMaterialUpdate":false,"showSkybox":false,"showFlares":true,"showImageEffects":true,"showParticleSystems":true},"in2DMode":false,"pivot":{"x":2.9802322387695315e-8,"y":2.130000114440918,"z":-5.960464477539063e-8},"rotation":{"x":-0.3009564280509949,"y":-0.0594596266746521,"z":0.01880430243909359,"w":-0.9515998363494873},"size":0.5196182131767273,"orthographic":false}