{"cameraMode":{"drawMode":0,"name":"Shaded","section":"Shading Mode"},"sceneLighting":false,"audioPlay":false,"sceneViewState":{"showFog":true,"showMaterialUpdate":false,"showSkybox":false,"showFlares":true,"showImageEffects":true,"showParticleSystems":true},"in2DMode":false,"pivot":{"x":0.23549997806549073,"y":2.6103358268737795,"z":-1.2059999704360963},"rotation":{"x":-0.2932836413383484,"y":0.12487006187438965,"z":-0.03868364170193672,"w":-0.9470693469047546},"size":0.39875364303588869,"orthographic":false}