{"cameraMode":{"drawMode":0,"name":"Shaded","section":"Shading Mode"},"sceneLighting":false,"audioPlay":false,"sceneViewState":{"showFog":true,"showMaterialUpdate":false,"showSkybox":false,"showFlares":true,"showImageEffects":true,"showParticleSystems":true},"in2DMode":false,"pivot":{"x":225.41049194335938,"y":214.07125854492188,"z":0.8521318435668945},"rotation":{"x":-0.18420115113258363,"y":-0.2866140604019165,"z":0.05625410005450249,"w":-0.9384904503822327},"size":1.6523513793945313,"orthographic":false}