{"cameraMode":{"drawMode":0,"name":"Shaded","section":"Shading Mode"},"sceneLighting":true,"audioPlay":false,"sceneViewState":{"showFog":true,"showMaterialUpdate":false,"showSkybox":true,"showFlares":true,"showImageEffects":true,"showParticleSystems":true},"in2DMode":false,"pivot":{"x":-1.2528610229492188,"y":-1.8261871337890626,"z":1.9620380401611329},"rotation":{"x":-0.42249447107315066,"y":-0.047325629740953448,"z":0.022042391821742059,"w":-0.9049019813537598},"size":4.714587211608887,"orthographic":false}